"MC","Timestep","ClassCode","CTCode","CTAbbr","SSCode","SSAbbr","Area"
1,1,"211004","1004","GrFrb",21,"OHB",.9
1,1,"245013","5013","ArVth",24,"OLS",4.8
1,1,"235013","5013","ArVth",23,"CLS",39.2
1,1,"233004","3004","JuSwg",23,"CLS",19.3
1,1,"113004","3004","JuSwg",11,"SIW",20.8
1,1,"142025","2025","JuWsi",14,"YMW",10
1,1,"152025","2025","JuWsi",15,"OMW",5
1,1,"214021","4021","NaFor",21,"OHB",0
1,1,"215012","5012","NaPgr",21,"OHB",0
1,1,"235074","5074","JuNbu",23,"CLS",0
1,2,"211004","1004","GrFrb",21,"OHB",1.6
1,2,"245013","5013","ArVth",24,"OLS",3.3
1,2,"235013","5013","ArVth",23,"CLS",38.7
1,2,"233004","3004","JuSwg",23,"CLS",19.6
1,2,"113004","3004","JuSwg",11,"SIW",20.9
1,2,"142025","2025","JuWsi",14,"YMW",10.9
1,2,"152025","2025","JuWsi",15,"OMW",5
1,2,"214021","4021","NaFor",21,"OHB",0
1,2,"215012","5012","NaPgr",21,"OHB",0
1,2,"235074","5074","JuNbu",23,"CLS",0
1,3,"211004","1004","GrFrb",21,"OHB",2.5
1,3,"245013","5013","ArVth",24,"OLS",1.4
1,3,"235013","5013","ArVth",23,"CLS",39.1
1,3,"233004","3004","JuSwg",23,"CLS",18.9
1,3,"113004","3004","JuSwg",11,"SIW",21.5
1,3,"142025","2025","JuWsi",14,"YMW",11.6
1,3,"152025","2025","JuWsi",15,"OMW",5
1,3,"214021","4021","NaFor",21,"OHB",0
1,3,"215012","5012","NaPgr",21,"OHB",0
1,3,"235074","5074","JuNbu",23,"CLS",0
1,4,"211004","1004","GrFrb",21,"OHB",3
1,4,"245013","5013","ArVth",24,"OLS",.3
1,4,"235013","5013","ArVth",23,"CLS",38.2
1,4,"233004","3004","JuSwg",23,"CLS",19.7
1,4,"113004","3004","JuSwg",11,"SIW",21.3
1,4,"142025","2025","JuWsi",14,"YMW",12.4
1,4,"152025","2025","JuWsi",15,"OMW",5.1
1,4,"214021","4021","NaFor",21,"OHB",0
1,4,"215012","5012","NaPgr",21,"OHB",0
1,4,"235074","5074","JuNbu",23,"CLS",0
1,5,"211004","1004","GrFrb",21,"OHB",3.5
1,5,"245013","5013","ArVth",24,"OLS",0
1,5,"235013","5013","ArVth",23,"CLS",37.4
1,5,"233004","3004","JuSwg",23,"CLS",19.5
1,5,"113004","3004","JuSwg",11,"SIW",21
1,5,"142025","2025","JuWsi",14,"YMW",13.3
1,5,"152025","2025","JuWsi",15,"OMW",5.2
1,5,"214021","4021","NaFor",21,"OHB",.1
1,5,"215012","5012","NaPgr",21,"OHB",0
1,5,"235074","5074","JuNbu",23,"CLS",0
1,6,"211004","1004","GrFrb",21,"OHB",4.7
1,6,"245013","5013","ArVth",24,"OLS",0
1,6,"235013","5013","ArVth",23,"CLS",35.4
1,6,"233004","3004","JuSwg",23,"CLS",19.8
1,6,"113004","3004","JuSwg",11,"SIW",20.6
1,6,"142025","2025","JuWsi",14,"YMW",14.1
1,6,"152025","2025","JuWsi",15,"OMW",5.3
1,6,"214021","4021","NaFor",21,"OHB",.1
1,6,"215012","5012","NaPgr",21,"OHB",0
1,6,"235074","5074","JuNbu",23,"CLS",0
1,7,"211004","1004","GrFrb",21,"OHB",5
1,7,"245013","5013","ArVth",24,"OLS",0
1,7,"235013","5013","ArVth",23,"CLS",33.9
1,7,"233004","3004","JuSwg",23,"CLS",19.9
1,7,"113004","3004","JuSwg",11,"SIW",20.3
1,7,"142025","2025","JuWsi",14,"YMW",15.5
1,7,"152025","2025","JuWsi",15,"OMW",5.3
1,7,"214021","4021","NaFor",21,"OHB",.1
1,7,"215012","5012","NaPgr",21,"OHB",0
1,7,"235074","5074","JuNbu",23,"CLS",0
1,8,"211004","1004","GrFrb",21,"OHB",5.5
1,8,"245013","5013","ArVth",24,"OLS",0
1,8,"235013","5013","ArVth",23,"CLS",32.8
1,8,"233004","3004","JuSwg",23,"CLS",19.5
1,8,"113004","3004","JuSwg",11,"SIW",20.2
1,8,"142025","2025","JuWsi",14,"YMW",16.5
1,8,"152025","2025","JuWsi",15,"OMW",5.4
1,8,"214021","4021","NaFor",21,"OHB",.1
1,8,"215012","5012","NaPgr",21,"OHB",0
1,8,"235074","5074","JuNbu",23,"CLS",0
1,9,"211004","1004","GrFrb",21,"OHB",6.7
1,9,"245013","5013","ArVth",24,"OLS",0
1,9,"235013","5013","ArVth",23,"CLS",30
1,9,"233004","3004","JuSwg",23,"CLS",20.4
1,9,"113004","3004","JuSwg",11,"SIW",20.2
1,9,"142025","2025","JuWsi",14,"YMW",17.2
1,9,"152025","2025","JuWsi",15,"OMW",5.4
1,9,"214021","4021","NaFor",21,"OHB",.1
1,9,"215012","5012","NaPgr",21,"OHB",0
1,9,"235074","5074","JuNbu",23,"CLS",0
1,10,"211004","1004","GrFrb",21,"OHB",7.5
1,10,"245013","5013","ArVth",24,"OLS",0
1,10,"235013","5013","ArVth",23,"CLS",28.3
1,10,"233004","3004","JuSwg",23,"CLS",20.9
1,10,"113004","3004","JuSwg",11,"SIW",19.6
1,10,"142025","2025","JuWsi",14,"YMW",18.1
1,10,"152025","2025","JuWsi",15,"OMW",5.5
1,10,"214021","4021","NaFor",21,"OHB",.1
1,10,"215012","5012","NaPgr",21,"OHB",0
1,10,"235074","5074","JuNbu",23,"CLS",0
1,11,"211004","1004","GrFrb",21,"OHB",7.6
1,11,"245013","5013","ArVth",24,"OLS",.9
1,11,"235013","5013","ArVth",23,"CLS",26.7
1,11,"233004","3004","JuSwg",23,"CLS",20.5
1,11,"113004","3004","JuSwg",11,"SIW",19.9
1,11,"142025","2025","JuWsi",14,"YMW",18.7
1,11,"152025","2025","JuWsi",15,"OMW",5.6
1,11,"214021","4021","NaFor",21,"OHB",.1
1,11,"215012","5012","NaPgr",21,"OHB",0
1,11,"235074","5074","JuNbu",23,"CLS",0
1,12,"211004","1004","GrFrb",21,"OHB",7.8
1,12,"245013","5013","ArVth",24,"OLS",1.6
1,12,"235013","5013","ArVth",23,"CLS",25.7
1,12,"233004","3004","JuSwg",23,"CLS",19.4
1,12,"113004","3004","JuSwg",11,"SIW",20.3
1,12,"142025","2025","JuWsi",14,"YMW",19.2
1,12,"152025","2025","JuWsi",15,"OMW",5.7
1,12,"214021","4021","NaFor",21,"OHB",.3
1,12,"215012","5012","NaPgr",21,"OHB",0
1,12,"235074","5074","JuNbu",23,"CLS",0
1,13,"211004","1004","GrFrb",21,"OHB",7.6
1,13,"245013","5013","ArVth",24,"OLS",2.5
1,13,"235013","5013","ArVth",23,"CLS",24.6
1,13,"233004","3004","JuSwg",23,"CLS",18.9
1,13,"113004","3004","JuSwg",11,"SIW",20.6
1,13,"142025","2025","JuWsi",14,"YMW",19.8
1,13,"152025","2025","JuWsi",15,"OMW",5.7
1,13,"214021","4021","NaFor",21,"OHB",.3
1,13,"215012","5012","NaPgr",21,"OHB",0
1,13,"235074","5074","JuNbu",23,"CLS",0
1,14,"211004","1004","GrFrb",21,"OHB",7.5
1,14,"245013","5013","ArVth",24,"OLS",3
1,14,"235013","5013","ArVth",23,"CLS",23.9
1,14,"233004","3004","JuSwg",23,"CLS",18.8
1,14,"113004","3004","JuSwg",11,"SIW",20.2
1,14,"142025","2025","JuWsi",14,"YMW",20.5
1,14,"152025","2025","JuWsi",15,"OMW",5.7
1,14,"214021","4021","NaFor",21,"OHB",.4
1,14,"215012","5012","NaPgr",21,"OHB",0
1,14,"235074","5074","JuNbu",23,"CLS",0
1,15,"211004","1004","GrFrb",21,"OHB",7.6
1,15,"245013","5013","ArVth",24,"OLS",3.5
1,15,"235013","5013","ArVth",23,"CLS",22.6
1,15,"233004","3004","JuSwg",23,"CLS",18.9
1,15,"113004","3004","JuSwg",11,"SIW",20.1
1,15,"142025","2025","JuWsi",14,"YMW",21.1
1,15,"152025","2025","JuWsi",15,"OMW",5.8
1,15,"214021","4021","NaFor",21,"OHB",.3
1,15,"215012","5012","NaPgr",21,"OHB",.1
1,15,"235074","5074","JuNbu",23,"CLS",0
1,16,"211004","1004","GrFrb",21,"OHB",7
1,16,"245013","5013","ArVth",24,"OLS",4.7
1,16,"235013","5013","ArVth",23,"CLS",21.1
1,16,"233004","3004","JuSwg",23,"CLS",19.4
1,16,"113004","3004","JuSwg",11,"SIW",19.7
1,16,"142025","2025","JuWsi",14,"YMW",21.8
1,16,"152025","2025","JuWsi",15,"OMW",5.8
1,16,"214021","4021","NaFor",21,"OHB",.4
1,16,"215012","5012","NaPgr",21,"OHB",.1
1,16,"235074","5074","JuNbu",23,"CLS",0
1,17,"211004","1004","GrFrb",21,"OHB",7
1,17,"245013","5013","ArVth",24,"OLS",5
1,17,"235013","5013","ArVth",23,"CLS",20
1,17,"233004","3004","JuSwg",23,"CLS",19.8
1,17,"113004","3004","JuSwg",11,"SIW",19.4
1,17,"142025","2025","JuWsi",14,"YMW",22.5
1,17,"152025","2025","JuWsi",15,"OMW",5.8
1,17,"214021","4021","NaFor",21,"OHB",.4
1,17,"215012","5012","NaPgr",21,"OHB",.1
1,17,"235074","5074","JuNbu",23,"CLS",0
1,18,"211004","1004","GrFrb",21,"OHB",7.1
1,18,"245013","5013","ArVth",24,"OLS",5.4
1,18,"235013","5013","ArVth",23,"CLS",18.6
1,18,"233004","3004","JuSwg",23,"CLS",19.8
1,18,"113004","3004","JuSwg",11,"SIW",19.1
1,18,"142025","2025","JuWsi",14,"YMW",23.7
1,18,"152025","2025","JuWsi",15,"OMW",5.8
1,18,"214021","4021","NaFor",21,"OHB",.4
1,18,"215012","5012","NaPgr",21,"OHB",.1
1,18,"235074","5074","JuNbu",23,"CLS",0
1,19,"211004","1004","GrFrb",21,"OHB",6.6
1,19,"245013","5013","ArVth",24,"OLS",6.5
1,19,"235013","5013","ArVth",23,"CLS",16.9
1,19,"233004","3004","JuSwg",23,"CLS",20
1,19,"113004","3004","JuSwg",11,"SIW",19.2
1,19,"142025","2025","JuWsi",14,"YMW",24.3
1,19,"152025","2025","JuWsi",15,"OMW",5.9
1,19,"214021","4021","NaFor",21,"OHB",.5
1,19,"215012","5012","NaPgr",21,"OHB",.1
1,19,"235074","5074","JuNbu",23,"CLS",0
1,20,"211004","1004","GrFrb",21,"OHB",6.1
1,20,"245013","5013","ArVth",24,"OLS",7.2
1,20,"235013","5013","ArVth",23,"CLS",16.2
1,20,"233004","3004","JuSwg",23,"CLS",20.4
1,20,"113004","3004","JuSwg",11,"SIW",19
1,20,"142025","2025","JuWsi",14,"YMW",24.5
1,20,"152025","2025","JuWsi",15,"OMW",6
1,20,"214021","4021","NaFor",21,"OHB",.5
1,20,"215012","5012","NaPgr",21,"OHB",.1
1,20,"235074","5074","JuNbu",23,"CLS",0
1,21,"211004","1004","GrFrb",21,"OHB",5.7
1,21,"245013","5013","ArVth",24,"OLS",8.2
1,21,"235013","5013","ArVth",23,"CLS",16.1
1,21,"233004","3004","JuSwg",23,"CLS",19.5
1,21,"113004","3004","JuSwg",11,"SIW",18.7
1,21,"142025","2025","JuWsi",14,"YMW",25.1
1,21,"152025","2025","JuWsi",15,"OMW",6.1
1,21,"214021","4021","NaFor",21,"OHB",.5
1,21,"215012","5012","NaPgr",21,"OHB",.1
1,21,"235074","5074","JuNbu",23,"CLS",0
1,22,"211004","1004","GrFrb",21,"OHB",5.2
1,22,"245013","5013","ArVth",24,"OLS",9.1
1,22,"235013","5013","ArVth",23,"CLS",15.9
1,22,"233004","3004","JuSwg",23,"CLS",17.8
1,22,"113004","3004","JuSwg",11,"SIW",19.5
1,22,"142025","2025","JuWsi",14,"YMW",25.8
1,22,"152025","2025","JuWsi",15,"OMW",6.1
1,22,"214021","4021","NaFor",21,"OHB",.3
1,22,"215012","5012","NaPgr",21,"OHB",.3
1,22,"235074","5074","JuNbu",23,"CLS",0
1,23,"211004","1004","GrFrb",21,"OHB",5.1
1,23,"245013","5013","ArVth",24,"OLS",9.8
1,23,"235013","5013","ArVth",23,"CLS",15.7
1,23,"233004","3004","JuSwg",23,"CLS",16.5
1,23,"113004","3004","JuSwg",11,"SIW",19.8
1,23,"142025","2025","JuWsi",14,"YMW",26.3
1,23,"152025","2025","JuWsi",15,"OMW",6.2
1,23,"214021","4021","NaFor",21,"OHB",.3
1,23,"215012","5012","NaPgr",21,"OHB",.3
1,23,"235074","5074","JuNbu",23,"CLS",0
1,24,"211004","1004","GrFrb",21,"OHB",4.9
1,24,"245013","5013","ArVth",24,"OLS",10.2
1,24,"235013","5013","ArVth",23,"CLS",15.7
1,24,"233004","3004","JuSwg",23,"CLS",14.9
1,24,"113004","3004","JuSwg",11,"SIW",20.4
1,24,"142025","2025","JuWsi",14,"YMW",27
1,24,"152025","2025","JuWsi",15,"OMW",6.2
1,24,"214021","4021","NaFor",21,"OHB",.3
1,24,"215012","5012","NaPgr",21,"OHB",.4
1,24,"235074","5074","JuNbu",23,"CLS",0
1,25,"211004","1004","GrFrb",21,"OHB",5.2
1,25,"245013","5013","ArVth",24,"OLS",10.7
1,25,"235013","5013","ArVth",23,"CLS",15.6
1,25,"233004","3004","JuSwg",23,"CLS",14
1,25,"113004","3004","JuSwg",11,"SIW",20.1
1,25,"142025","2025","JuWsi",14,"YMW",27.3
1,25,"152025","2025","JuWsi",15,"OMW",6.2
1,25,"214021","4021","NaFor",21,"OHB",.5
1,25,"215012","5012","NaPgr",21,"OHB",.3
1,25,"235074","5074","JuNbu",23,"CLS",.1
1,26,"211004","1004","GrFrb",21,"OHB",5.2
1,26,"245013","5013","ArVth",24,"OLS",10.5
1,26,"235013","5013","ArVth",23,"CLS",16.1
1,26,"233004","3004","JuSwg",23,"CLS",12.7
1,26,"113004","3004","JuSwg",11,"SIW",20.2
1,26,"142025","2025","JuWsi",14,"YMW",28.2
1,26,"152025","2025","JuWsi",15,"OMW",6.2
1,26,"214021","4021","NaFor",21,"OHB",.4
1,26,"215012","5012","NaPgr",21,"OHB",.4
1,26,"235074","5074","JuNbu",23,"CLS",.1
1,27,"211004","1004","GrFrb",21,"OHB",5.4
1,27,"245013","5013","ArVth",24,"OLS",10
1,27,"235013","5013","ArVth",23,"CLS",16.6
1,27,"233004","3004","JuSwg",23,"CLS",11.8
1,27,"113004","3004","JuSwg",11,"SIW",20
1,27,"142025","2025","JuWsi",14,"YMW",29
1,27,"152025","2025","JuWsi",15,"OMW",6.2
1,27,"214021","4021","NaFor",21,"OHB",.5
1,27,"215012","5012","NaPgr",21,"OHB",.4
1,27,"235074","5074","JuNbu",23,"CLS",.1
1,28,"211004","1004","GrFrb",21,"OHB",5.1
1,28,"245013","5013","ArVth",24,"OLS",9.6
1,28,"235013","5013","ArVth",23,"CLS",17.4
1,28,"233004","3004","JuSwg",23,"CLS",11
1,28,"113004","3004","JuSwg",11,"SIW",19.5
1,28,"142025","2025","JuWsi",14,"YMW",30.2
1,28,"152025","2025","JuWsi",15,"OMW",6.2
1,28,"214021","4021","NaFor",21,"OHB",.5
1,28,"215012","5012","NaPgr",21,"OHB",.4
1,28,"235074","5074","JuNbu",23,"CLS",.1
1,29,"211004","1004","GrFrb",21,"OHB",4.9
1,29,"245013","5013","ArVth",24,"OLS",9.7
1,29,"235013","5013","ArVth",23,"CLS",17.7
1,29,"233004","3004","JuSwg",23,"CLS",9.8
1,29,"113004","3004","JuSwg",11,"SIW",19.9
1,29,"142025","2025","JuWsi",14,"YMW",30.6
1,29,"152025","2025","JuWsi",15,"OMW",6.3
1,29,"214021","4021","NaFor",21,"OHB",.5
1,29,"215012","5012","NaPgr",21,"OHB",.5
1,29,"235074","5074","JuNbu",23,"CLS",.1
1,30,"211004","1004","GrFrb",21,"OHB",5
1,30,"245013","5013","ArVth",24,"OLS",9.4
1,30,"235013","5013","ArVth",23,"CLS",18
1,30,"233004","3004","JuSwg",23,"CLS",8.9
1,30,"113004","3004","JuSwg",11,"SIW",19.9
1,30,"142025","2025","JuWsi",14,"YMW",31.2
1,30,"152025","2025","JuWsi",15,"OMW",6.3
1,30,"214021","4021","NaFor",21,"OHB",.7
1,30,"215012","5012","NaPgr",21,"OHB",.5
1,30,"235074","5074","JuNbu",23,"CLS",.1
1,31,"211004","1004","GrFrb",21,"OHB",5.3
1,31,"245013","5013","ArVth",24,"OLS",8.7
1,31,"235013","5013","ArVth",23,"CLS",7.9
1,31,"233004","3004","JuSwg",23,"CLS",18.5
1,31,"113004","3004","JuSwg",11,"SIW",20.1
1,31,"142025","2025","JuWsi",14,"YMW",31.9
1,31,"152025","2025","JuWsi",15,"OMW",6.3
1,31,"214021","4021","NaFor",21,"OHB",.7
1,31,"215012","5012","NaPgr",21,"OHB",.5
1,31,"235074","5074","JuNbu",23,"CLS",.1
1,32,"211004","1004","GrFrb",21,"OHB",5.3
1,32,"245013","5013","ArVth",24,"OLS",8.7
1,32,"235013","5013","ArVth",23,"CLS",6.9
1,32,"233004","3004","JuSwg",23,"CLS",18.9
1,32,"113004","3004","JuSwg",11,"SIW",19.9
1,32,"142025","2025","JuWsi",14,"YMW",32.6
1,32,"152025","2025","JuWsi",15,"OMW",6.4
1,32,"214021","4021","NaFor",21,"OHB",.7
1,32,"215012","5012","NaPgr",21,"OHB",.3
1,32,"235074","5074","JuNbu",23,"CLS",.3
1,33,"211004","1004","GrFrb",21,"OHB",5
1,33,"245013","5013","ArVth",24,"OLS",8.7
1,33,"235013","5013","ArVth",23,"CLS",5.9
1,33,"233004","3004","JuSwg",23,"CLS",19.5
1,33,"113004","3004","JuSwg",11,"SIW",19.6
1,33,"142025","2025","JuWsi",14,"YMW",33.5
1,33,"152025","2025","JuWsi",15,"OMW",6.4
1,33,"214021","4021","NaFor",21,"OHB",.8
1,33,"215012","5012","NaPgr",21,"OHB",.3
1,33,"235074","5074","JuNbu",23,"CLS",.3
1,34,"211004","1004","GrFrb",21,"OHB",5
1,34,"245013","5013","ArVth",24,"OLS",7.8
1,34,"235013","5013","ArVth",23,"CLS",6.1
1,34,"233004","3004","JuSwg",23,"CLS",20
1,34,"113004","3004","JuSwg",11,"SIW",19.3
1,34,"142025","2025","JuWsi",14,"YMW",33.8
1,34,"152025","2025","JuWsi",15,"OMW",6.5
1,34,"214021","4021","NaFor",21,"OHB",.8
1,34,"215012","5012","NaPgr",21,"OHB",.3
1,34,"235074","5074","JuNbu",23,"CLS",.4
1,35,"211004","1004","GrFrb",21,"OHB",4.4
1,35,"245013","5013","ArVth",24,"OLS",7.6
1,35,"235013","5013","ArVth",23,"CLS",6.6
1,35,"233004","3004","JuSwg",23,"CLS",19.4
1,35,"113004","3004","JuSwg",11,"SIW",19.8
1,35,"142025","2025","JuWsi",14,"YMW",34.1
1,35,"152025","2025","JuWsi",15,"OMW",6.5
1,35,"214021","4021","NaFor",21,"OHB",.7
1,35,"215012","5012","NaPgr",21,"OHB",.5
1,35,"235074","5074","JuNbu",23,"CLS",.4
1,36,"211004","1004","GrFrb",21,"OHB",4.3
1,36,"245013","5013","ArVth",24,"OLS",7.3
1,36,"235013","5013","ArVth",23,"CLS",7.3
1,36,"233004","3004","JuSwg",23,"CLS",18.2
1,36,"113004","3004","JuSwg",11,"SIW",19.9
1,36,"142025","2025","JuWsi",14,"YMW",34.9
1,36,"152025","2025","JuWsi",15,"OMW",6.5
1,36,"214021","4021","NaFor",21,"OHB",.7
1,36,"215012","5012","NaPgr",21,"OHB",.4
1,36,"235074","5074","JuNbu",23,"CLS",.5
1,37,"211004","1004","GrFrb",21,"OHB",4.3
1,37,"245013","5013","ArVth",24,"OLS",6.9
1,37,"235013","5013","ArVth",23,"CLS",8
1,37,"233004","3004","JuSwg",23,"CLS",17.1
1,37,"113004","3004","JuSwg",11,"SIW",19.6
1,37,"142025","2025","JuWsi",14,"YMW",36
1,37,"152025","2025","JuWsi",15,"OMW",6.5
1,37,"214021","4021","NaFor",21,"OHB",.6
1,37,"215012","5012","NaPgr",21,"OHB",.5
1,37,"235074","5074","JuNbu",23,"CLS",.5
1,38,"211004","1004","GrFrb",21,"OHB",4.1
1,38,"245013","5013","ArVth",24,"OLS",6.6
1,38,"235013","5013","ArVth",23,"CLS",8.6
1,38,"233004","3004","JuSwg",23,"CLS",15.8
1,38,"113004","3004","JuSwg",11,"SIW",19.8
1,38,"142025","2025","JuWsi",14,"YMW",36.8
1,38,"152025","2025","JuWsi",15,"OMW",6.5
1,38,"214021","4021","NaFor",21,"OHB",.8
1,38,"215012","5012","NaPgr",21,"OHB",.5
1,38,"235074","5074","JuNbu",23,"CLS",.5
1,39,"211004","1004","GrFrb",21,"OHB",3.9
1,39,"245013","5013","ArVth",24,"OLS",6.9
1,39,"235013","5013","ArVth",23,"CLS",8.7
1,39,"233004","3004","JuSwg",23,"CLS",14.5
1,39,"113004","3004","JuSwg",11,"SIW",20.6
1,39,"142025","2025","JuWsi",14,"YMW",37
1,39,"152025","2025","JuWsi",15,"OMW",6.5
1,39,"214021","4021","NaFor",21,"OHB",.8
1,39,"215012","5012","NaPgr",21,"OHB",.5
1,39,"235074","5074","JuNbu",23,"CLS",.6
1,40,"211004","1004","GrFrb",21,"OHB",4.1
1,40,"245013","5013","ArVth",24,"OLS",6.6
1,40,"235013","5013","ArVth",23,"CLS",9.1
1,40,"233004","3004","JuSwg",23,"CLS",13.8
1,40,"113004","3004","JuSwg",11,"SIW",20.5
1,40,"142025","2025","JuWsi",14,"YMW",37.3
1,40,"152025","2025","JuWsi",15,"OMW",6.6
1,40,"214021","4021","NaFor",21,"OHB",.7
1,40,"215012","5012","NaPgr",21,"OHB",.7
1,40,"235074","5074","JuNbu",23,"CLS",.6
1,41,"211004","1004","GrFrb",21,"OHB",3.3
1,41,"245013","5013","ArVth",24,"OLS",7
1,41,"235013","5013","ArVth",23,"CLS",9.6
1,41,"233004","3004","JuSwg",23,"CLS",13.7
1,41,"113004","3004","JuSwg",11,"SIW",20
1,41,"142025","2025","JuWsi",14,"YMW",37.6
1,41,"152025","2025","JuWsi",15,"OMW",6.6
1,41,"214021","4021","NaFor",21,"OHB",.9
1,41,"215012","5012","NaPgr",21,"OHB",.7
1,41,"235074","5074","JuNbu",23,"CLS",.6
1,42,"211004","1004","GrFrb",21,"OHB",3.2
1,42,"245013","5013","ArVth",24,"OLS",7
1,42,"235013","5013","ArVth",23,"CLS",9.8
1,42,"233004","3004","JuSwg",23,"CLS",13.7
1,42,"113004","3004","JuSwg",11,"SIW",19.4
1,42,"142025","2025","JuWsi",14,"YMW",38
1,42,"152025","2025","JuWsi",15,"OMW",6.7
1,42,"214021","4021","NaFor",21,"OHB",.9
1,42,"215012","5012","NaPgr",21,"OHB",.7
1,42,"235074","5074","JuNbu",23,"CLS",.6
1,43,"211004","1004","GrFrb",21,"OHB",3.3
1,43,"245013","5013","ArVth",24,"OLS",6.9
1,43,"235013","5013","ArVth",23,"CLS",9.9
1,43,"233004","3004","JuSwg",23,"CLS",13.7
1,43,"113004","3004","JuSwg",11,"SIW",18.5
1,43,"142025","2025","JuWsi",14,"YMW",38.8
1,43,"152025","2025","JuWsi",15,"OMW",6.7
1,43,"214021","4021","NaFor",21,"OHB",.8
1,43,"215012","5012","NaPgr",21,"OHB",.8
1,43,"235074","5074","JuNbu",23,"CLS",.6
1,44,"211004","1004","GrFrb",21,"OHB",3.7
1,44,"245013","5013","ArVth",24,"OLS",6.6
1,44,"235013","5013","ArVth",23,"CLS",10
1,44,"233004","3004","JuSwg",23,"CLS",13.7
1,44,"113004","3004","JuSwg",11,"SIW",17.4
1,44,"142025","2025","JuWsi",14,"YMW",39.7
1,44,"152025","2025","JuWsi",15,"OMW",6.7
1,44,"214021","4021","NaFor",21,"OHB",.7
1,44,"215012","5012","NaPgr",21,"OHB",.8
1,44,"235074","5074","JuNbu",23,"CLS",.7
1,45,"211004","1004","GrFrb",21,"OHB",3.5
1,45,"245013","5013","ArVth",24,"OLS",6.6
1,45,"235013","5013","ArVth",23,"CLS",10.2
1,45,"233004","3004","JuSwg",23,"CLS",13.7
1,45,"113004","3004","JuSwg",11,"SIW",17.2
1,45,"142025","2025","JuWsi",14,"YMW",39.5
1,45,"152025","2025","JuWsi",15,"OMW",6.8
1,45,"214021","4021","NaFor",21,"OHB",.9
1,45,"215012","5012","NaPgr",21,"OHB",.7
1,45,"235074","5074","JuNbu",23,"CLS",.9
1,46,"211004","1004","GrFrb",21,"OHB",3.7
1,46,"245013","5013","ArVth",24,"OLS",6.6
1,46,"235013","5013","ArVth",23,"CLS",10.4
1,46,"233004","3004","JuSwg",23,"CLS",13.4
1,46,"113004","3004","JuSwg",11,"SIW",16.7
1,46,"142025","2025","JuWsi",14,"YMW",40
1,46,"152025","2025","JuWsi",15,"OMW",6.8
1,46,"214021","4021","NaFor",21,"OHB",.9
1,46,"215012","5012","NaPgr",21,"OHB",.8
1,46,"235074","5074","JuNbu",23,"CLS",.7
1,47,"211004","1004","GrFrb",21,"OHB",3.5
1,47,"245013","5013","ArVth",24,"OLS",6.6
1,47,"235013","5013","ArVth",23,"CLS",10.8
1,47,"233004","3004","JuSwg",23,"CLS",13.3
1,47,"113004","3004","JuSwg",11,"SIW",15.3
1,47,"142025","2025","JuWsi",14,"YMW",41.3
1,47,"152025","2025","JuWsi",15,"OMW",6.8
1,47,"214021","4021","NaFor",21,"OHB",.9
1,47,"215012","5012","NaPgr",21,"OHB",.7
1,47,"235074","5074","JuNbu",23,"CLS",.8
1,48,"211004","1004","GrFrb",21,"OHB",4.1
1,48,"245013","5013","ArVth",24,"OLS",6.1
1,48,"235013","5013","ArVth",23,"CLS",11.1
1,48,"233004","3004","JuSwg",23,"CLS",13.3
1,48,"113004","3004","JuSwg",11,"SIW",14
1,48,"142025","2025","JuWsi",14,"YMW",42.3
1,48,"152025","2025","JuWsi",15,"OMW",6.8
1,48,"214021","4021","NaFor",21,"OHB",.7
1,48,"215012","5012","NaPgr",21,"OHB",.9
1,48,"235074","5074","JuNbu",23,"CLS",.7
1,49,"211004","1004","GrFrb",21,"OHB",4.7
1,49,"245013","5013","ArVth",24,"OLS",5.9
1,49,"235013","5013","ArVth",23,"CLS",11.2
1,49,"233004","3004","JuSwg",23,"CLS",13.1
1,49,"113004","3004","JuSwg",11,"SIW",12.3
1,49,"142025","2025","JuWsi",14,"YMW",43.5
1,49,"152025","2025","JuWsi",15,"OMW",6.9
1,49,"214021","4021","NaFor",21,"OHB",.7
1,49,"215012","5012","NaPgr",21,"OHB",.9
1,49,"235074","5074","JuNbu",23,"CLS",.8
1,50,"211004","1004","GrFrb",21,"OHB",4.5
1,50,"245013","5013","ArVth",24,"OLS",5.8
1,50,"235013","5013","ArVth",23,"CLS",11.9
1,50,"233004","3004","JuSwg",23,"CLS",12.8
1,50,"113004","3004","JuSwg",11,"SIW",11.6
1,50,"142025","2025","JuWsi",14,"YMW",44
1,50,"152025","2025","JuWsi",15,"OMW",7
1,50,"214021","4021","NaFor",21,"OHB",.6
1,50,"215012","5012","NaPgr",21,"OHB",.8
1,50,"235074","5074","JuNbu",23,"CLS",1
1,51,"211004","1004","GrFrb",21,"OHB",4.4
1,51,"245013","5013","ArVth",24,"OLS",5.3
1,51,"235013","5013","ArVth",23,"CLS",12.5
1,51,"233004","3004","JuSwg",23,"CLS",3.3
1,51,"113004","3004","JuSwg",11,"SIW",20
1,51,"142025","2025","JuWsi",14,"YMW",45.1
1,51,"152025","2025","JuWsi",15,"OMW",7
1,51,"214021","4021","NaFor",21,"OHB",.4
1,51,"215012","5012","NaPgr",21,"OHB",1
1,51,"235074","5074","JuNbu",23,"CLS",1
1,52,"211004","1004","GrFrb",21,"OHB",4.4
1,52,"245013","5013","ArVth",24,"OLS",5.2
1,52,"235013","5013","ArVth",23,"CLS",12.8
1,52,"233004","3004","JuSwg",23,"CLS",2.2
1,52,"113004","3004","JuSwg",11,"SIW",20.2
1,52,"142025","2025","JuWsi",14,"YMW",45.6
1,52,"152025","2025","JuWsi",15,"OMW",7
1,52,"214021","4021","NaFor",21,"OHB",.6
1,52,"215012","5012","NaPgr",21,"OHB",1
1,52,"235074","5074","JuNbu",23,"CLS",1
1,53,"211004","1004","GrFrb",21,"OHB",4.5
1,53,"245013","5013","ArVth",24,"OLS",5.2
1,53,"235013","5013","ArVth",23,"CLS",13
1,53,"233004","3004","JuSwg",23,"CLS",.9
1,53,"113004","3004","JuSwg",11,"SIW",20.6
1,53,"142025","2025","JuWsi",14,"YMW",46.3
1,53,"152025","2025","JuWsi",15,"OMW",7
1,53,"214021","4021","NaFor",21,"OHB",.6
1,53,"215012","5012","NaPgr",21,"OHB",.9
1,53,"235074","5074","JuNbu",23,"CLS",1
1,54,"211004","1004","GrFrb",21,"OHB",4
1,54,"245013","5013","ArVth",24,"OLS",5.4
1,54,"235013","5013","ArVth",23,"CLS",13.4
1,54,"233004","3004","JuSwg",23,"CLS",.2
1,54,"113004","3004","JuSwg",11,"SIW",20.3
1,54,"142025","2025","JuWsi",14,"YMW",47.2
1,54,"152025","2025","JuWsi",15,"OMW",7
1,54,"214021","4021","NaFor",21,"OHB",.6
1,54,"215012","5012","NaPgr",21,"OHB",.8
1,54,"235074","5074","JuNbu",23,"CLS",1.1
1,55,"211004","1004","GrFrb",21,"OHB",4.1
1,55,"245013","5013","ArVth",24,"OLS",5
1,55,"235013","5013","ArVth",23,"CLS",13.7
1,55,"233004","3004","JuSwg",23,"CLS",0
1,55,"113004","3004","JuSwg",11,"SIW",19.9
1,55,"142025","2025","JuWsi",14,"YMW",47.9
1,55,"152025","2025","JuWsi",15,"OMW",7
1,55,"214021","4021","NaFor",21,"OHB",.3
1,55,"215012","5012","NaPgr",21,"OHB",.9
1,55,"235074","5074","JuNbu",23,"CLS",1.2
1,56,"211004","1004","GrFrb",21,"OHB",3.9
1,56,"245013","5013","ArVth",24,"OLS",4.7
1,56,"235013","5013","ArVth",23,"CLS",14
1,56,"233004","3004","JuSwg",23,"CLS",.4
1,56,"113004","3004","JuSwg",11,"SIW",19.1
1,56,"142025","2025","JuWsi",14,"YMW",48.4
1,56,"152025","2025","JuWsi",15,"OMW",7.1
1,56,"214021","4021","NaFor",21,"OHB",.3
1,56,"215012","5012","NaPgr",21,"OHB",.9
1,56,"235074","5074","JuNbu",23,"CLS",1.2
1,57,"211004","1004","GrFrb",21,"OHB",3.8
1,57,"245013","5013","ArVth",24,"OLS",4.6
1,57,"235013","5013","ArVth",23,"CLS",14
1,57,"233004","3004","JuSwg",23,"CLS",.8
1,57,"113004","3004","JuSwg",11,"SIW",18.2
1,57,"142025","2025","JuWsi",14,"YMW",49.2
1,57,"152025","2025","JuWsi",15,"OMW",7.1
1,57,"214021","4021","NaFor",21,"OHB",.3
1,57,"215012","5012","NaPgr",21,"OHB",.9
1,57,"235074","5074","JuNbu",23,"CLS",1.1
1,58,"211004","1004","GrFrb",21,"OHB",3.5
1,58,"245013","5013","ArVth",24,"OLS",5.1
1,58,"235013","5013","ArVth",23,"CLS",13.1
1,58,"233004","3004","JuSwg",23,"CLS",1.7
1,58,"113004","3004","JuSwg",11,"SIW",17.3
1,58,"142025","2025","JuWsi",14,"YMW",49.7
1,58,"152025","2025","JuWsi",15,"OMW",7.1
1,58,"214021","4021","NaFor",21,"OHB",.5
1,58,"215012","5012","NaPgr",21,"OHB",.7
1,58,"235074","5074","JuNbu",23,"CLS",1.3
1,59,"211004","1004","GrFrb",21,"OHB",2.9
1,59,"245013","5013","ArVth",24,"OLS",5.7
1,59,"235013","5013","ArVth",23,"CLS",12.8
1,59,"233004","3004","JuSwg",23,"CLS",2
1,59,"113004","3004","JuSwg",11,"SIW",17
1,59,"142025","2025","JuWsi",14,"YMW",49.9
1,59,"152025","2025","JuWsi",15,"OMW",7.1
1,59,"214021","4021","NaFor",21,"OHB",.5
1,59,"215012","5012","NaPgr",21,"OHB",.7
1,59,"235074","5074","JuNbu",23,"CLS",1.4
1,60,"211004","1004","GrFrb",21,"OHB",2.6
1,60,"245013","5013","ArVth",24,"OLS",5.8
1,60,"235013","5013","ArVth",23,"CLS",12.7
1,60,"233004","3004","JuSwg",23,"CLS",2.3
1,60,"113004","3004","JuSwg",11,"SIW",16.3
1,60,"142025","2025","JuWsi",14,"YMW",50.6
1,60,"152025","2025","JuWsi",15,"OMW",7.1
1,60,"214021","4021","NaFor",21,"OHB",.6
1,60,"215012","5012","NaPgr",21,"OHB",.6
1,60,"235074","5074","JuNbu",23,"CLS",1.4
1,61,"211004","1004","GrFrb",21,"OHB",3.1
1,61,"245013","5013","ArVth",24,"OLS",5.4
1,61,"235013","5013","ArVth",23,"CLS",12.1
1,61,"233004","3004","JuSwg",23,"CLS",3
1,61,"113004","3004","JuSwg",11,"SIW",15.1
1,61,"142025","2025","JuWsi",14,"YMW",51.5
1,61,"152025","2025","JuWsi",15,"OMW",7.1
1,61,"214021","4021","NaFor",21,"OHB",.7
1,61,"215012","5012","NaPgr",21,"OHB",.4
1,61,"235074","5074","JuNbu",23,"CLS",1.6
1,62,"211004","1004","GrFrb",21,"OHB",3.2
1,62,"245013","5013","ArVth",24,"OLS",5.3
1,62,"235013","5013","ArVth",23,"CLS",12.1
1,62,"233004","3004","JuSwg",23,"CLS",3.1
1,62,"113004","3004","JuSwg",11,"SIW",14.1
1,62,"142025","2025","JuWsi",14,"YMW",52.2
1,62,"152025","2025","JuWsi",15,"OMW",7.1
1,62,"214021","4021","NaFor",21,"OHB",.7
1,62,"215012","5012","NaPgr",21,"OHB",.6
1,62,"235074","5074","JuNbu",23,"CLS",1.6
1,63,"211004","1004","GrFrb",21,"OHB",2.8
1,63,"245013","5013","ArVth",24,"OLS",5.6
1,63,"235013","5013","ArVth",23,"CLS",11.9
1,63,"233004","3004","JuSwg",23,"CLS",3.4
1,63,"113004","3004","JuSwg",11,"SIW",13.2
1,63,"142025","2025","JuWsi",14,"YMW",53
1,63,"152025","2025","JuWsi",15,"OMW",7.1
1,63,"214021","4021","NaFor",21,"OHB",.8
1,63,"215012","5012","NaPgr",21,"OHB",.6
1,63,"235074","5074","JuNbu",23,"CLS",1.6
1,64,"211004","1004","GrFrb",21,"OHB",3.3
1,64,"245013","5013","ArVth",24,"OLS",5.3
1,64,"235013","5013","ArVth",23,"CLS",10.9
1,64,"233004","3004","JuSwg",23,"CLS",4.3
1,64,"113004","3004","JuSwg",11,"SIW",12.1
1,64,"142025","2025","JuWsi",14,"YMW",54
1,64,"152025","2025","JuWsi",15,"OMW",7.1
1,64,"214021","4021","NaFor",21,"OHB",.8
1,64,"215012","5012","NaPgr",21,"OHB",.6
1,64,"235074","5074","JuNbu",23,"CLS",1.6
1,65,"211004","1004","GrFrb",21,"OHB",3.3
1,65,"245013","5013","ArVth",24,"OLS",4.9
1,65,"235013","5013","ArVth",23,"CLS",10.8
1,65,"233004","3004","JuSwg",23,"CLS",4.8
1,65,"113004","3004","JuSwg",11,"SIW",11.6
1,65,"142025","2025","JuWsi",14,"YMW",54.5
1,65,"152025","2025","JuWsi",15,"OMW",7.1
1,65,"214021","4021","NaFor",21,"OHB",.9
1,65,"215012","5012","NaPgr",21,"OHB",.4
1,65,"235074","5074","JuNbu",23,"CLS",1.7
1,66,"211004","1004","GrFrb",21,"OHB",3
1,66,"245013","5013","ArVth",24,"OLS",5.3
1,66,"235013","5013","ArVth",23,"CLS",10.2
1,66,"233004","3004","JuSwg",23,"CLS",5.5
1,66,"113004","3004","JuSwg",11,"SIW",11.4
1,66,"142025","2025","JuWsi",14,"YMW",54.4
1,66,"152025","2025","JuWsi",15,"OMW",7.1
1,66,"214021","4021","NaFor",21,"OHB",1.1
1,66,"215012","5012","NaPgr",21,"OHB",.4
1,66,"235074","5074","JuNbu",23,"CLS",1.6
1,67,"211004","1004","GrFrb",21,"OHB",3.3
1,67,"245013","5013","ArVth",24,"OLS",4.9
1,67,"235013","5013","ArVth",23,"CLS",9.8
1,67,"233004","3004","JuSwg",23,"CLS",6.1
1,67,"113004","3004","JuSwg",11,"SIW",11.3
1,67,"142025","2025","JuWsi",14,"YMW",54.3
1,67,"152025","2025","JuWsi",15,"OMW",7.2
1,67,"214021","4021","NaFor",21,"OHB",1.1
1,67,"215012","5012","NaPgr",21,"OHB",.4
1,67,"235074","5074","JuNbu",23,"CLS",1.6
1,68,"211004","1004","GrFrb",21,"OHB",3.1
1,68,"245013","5013","ArVth",24,"OLS",4.9
1,68,"235013","5013","ArVth",23,"CLS",9.8
1,68,"233004","3004","JuSwg",23,"CLS",6.4
1,68,"113004","3004","JuSwg",11,"SIW",11.2
1,68,"142025","2025","JuWsi",14,"YMW",54.3
1,68,"152025","2025","JuWsi",15,"OMW",7.2
1,68,"214021","4021","NaFor",21,"OHB",1
1,68,"215012","5012","NaPgr",21,"OHB",.6
1,68,"235074","5074","JuNbu",23,"CLS",1.5
1,69,"211004","1004","GrFrb",21,"OHB",3.1
1,69,"245013","5013","ArVth",24,"OLS",4.6
1,69,"235013","5013","ArVth",23,"CLS",10.1
1,69,"233004","3004","JuSwg",23,"CLS",6.6
1,69,"113004","3004","JuSwg",11,"SIW",11
1,69,"142025","2025","JuWsi",14,"YMW",54.2
1,69,"152025","2025","JuWsi",15,"OMW",7.2
1,69,"214021","4021","NaFor",21,"OHB",1
1,69,"215012","5012","NaPgr",21,"OHB",.6
1,69,"235074","5074","JuNbu",23,"CLS",1.6
1,70,"211004","1004","GrFrb",21,"OHB",3
1,70,"245013","5013","ArVth",24,"OLS",4.7
1,70,"235013","5013","ArVth",23,"CLS",9.7
1,70,"233004","3004","JuSwg",23,"CLS",7
1,70,"113004","3004","JuSwg",11,"SIW",11
1,70,"142025","2025","JuWsi",14,"YMW",54
1,70,"152025","2025","JuWsi",15,"OMW",7.4
1,70,"214021","4021","NaFor",21,"OHB",1
1,70,"215012","5012","NaPgr",21,"OHB",.7
1,70,"235074","5074","JuNbu",23,"CLS",1.5
1,71,"211004","1004","GrFrb",21,"OHB",2.8
1,71,"245013","5013","ArVth",24,"OLS",4.6
1,71,"235013","5013","ArVth",23,"CLS",9.7
1,71,"233004","3004","JuSwg",23,"CLS",7.3
1,71,"113004","3004","JuSwg",11,"SIW",11
1,71,"142025","2025","JuWsi",14,"YMW",54
1,71,"152025","2025","JuWsi",15,"OMW",7.5
1,71,"214021","4021","NaFor",21,"OHB",1
1,71,"215012","5012","NaPgr",21,"OHB",.8
1,71,"235074","5074","JuNbu",23,"CLS",1.3
1,72,"211004","1004","GrFrb",21,"OHB",2.5
1,72,"245013","5013","ArVth",24,"OLS",4.8
1,72,"235013","5013","ArVth",23,"CLS",9.6
1,72,"233004","3004","JuSwg",23,"CLS",7.5
1,72,"113004","3004","JuSwg",11,"SIW",11
1,72,"142025","2025","JuWsi",14,"YMW",54
1,72,"152025","2025","JuWsi",15,"OMW",7.4
1,72,"214021","4021","NaFor",21,"OHB",.9
1,72,"215012","5012","NaPgr",21,"OHB",.8
1,72,"235074","5074","JuNbu",23,"CLS",1.5
1,73,"211004","1004","GrFrb",21,"OHB",2.7
1,73,"245013","5013","ArVth",24,"OLS",4.5
1,73,"235013","5013","ArVth",23,"CLS",9.5
1,73,"233004","3004","JuSwg",23,"CLS",7.7
1,73,"113004","3004","JuSwg",11,"SIW",11
1,73,"142025","2025","JuWsi",14,"YMW",53.8
1,73,"152025","2025","JuWsi",15,"OMW",7.4
1,73,"214021","4021","NaFor",21,"OHB",1
1,73,"215012","5012","NaPgr",21,"OHB",.9
1,73,"235074","5074","JuNbu",23,"CLS",1.5
1,74,"211004","1004","GrFrb",21,"OHB",2.3
1,74,"245013","5013","ArVth",24,"OLS",4.3
1,74,"235013","5013","ArVth",23,"CLS",10.1
1,74,"233004","3004","JuSwg",23,"CLS",7.7
1,74,"113004","3004","JuSwg",11,"SIW",11
1,74,"142025","2025","JuWsi",14,"YMW",53.6
1,74,"152025","2025","JuWsi",15,"OMW",7.4
1,74,"214021","4021","NaFor",21,"OHB",1.3
1,74,"215012","5012","NaPgr",21,"OHB",.8
1,74,"235074","5074","JuNbu",23,"CLS",1.5
1,75,"211004","1004","GrFrb",21,"OHB",2.2
1,75,"245013","5013","ArVth",24,"OLS",4.2
1,75,"235013","5013","ArVth",23,"CLS",10.1
1,75,"233004","3004","JuSwg",23,"CLS",7.9
1,75,"113004","3004","JuSwg",11,"SIW",11
1,75,"142025","2025","JuWsi",14,"YMW",53.5
1,75,"152025","2025","JuWsi",15,"OMW",7.4
1,75,"214021","4021","NaFor",21,"OHB",1.4
1,75,"215012","5012","NaPgr",21,"OHB",1
1,75,"235074","5074","JuNbu",23,"CLS",1.3
1,76,"211004","1004","GrFrb",21,"OHB",2.2
1,76,"245013","5013","ArVth",24,"OLS",4.3
1,76,"235013","5013","ArVth",23,"CLS",9.7
1,76,"233004","3004","JuSwg",23,"CLS",8
1,76,"113004","3004","JuSwg",11,"SIW",3
1,76,"142025","2025","JuWsi",14,"YMW",61.6
1,76,"152025","2025","JuWsi",15,"OMW",7.4
1,76,"214021","4021","NaFor",21,"OHB",1.5
1,76,"215012","5012","NaPgr",21,"OHB",1.2
1,76,"235074","5074","JuNbu",23,"CLS",1.1
1,77,"211004","1004","GrFrb",21,"OHB",1.9
1,77,"245013","5013","ArVth",24,"OLS",4.5
1,77,"235013","5013","ArVth",23,"CLS",9.6
1,77,"233004","3004","JuSwg",23,"CLS",7.8
1,77,"113004","3004","JuSwg",11,"SIW",2.5
1,77,"142025","2025","JuWsi",14,"YMW",62.5
1,77,"152025","2025","JuWsi",15,"OMW",7.4
1,77,"214021","4021","NaFor",21,"OHB",1.5
1,77,"215012","5012","NaPgr",21,"OHB",1.2
1,77,"235074","5074","JuNbu",23,"CLS",1.1
1,78,"211004","1004","GrFrb",21,"OHB",1.9
1,78,"245013","5013","ArVth",24,"OLS",4.2
1,78,"235013","5013","ArVth",23,"CLS",9.3
1,78,"233004","3004","JuSwg",23,"CLS",7.7
1,78,"113004","3004","JuSwg",11,"SIW",2.2
1,78,"142025","2025","JuWsi",14,"YMW",63.5
1,78,"152025","2025","JuWsi",15,"OMW",7.4
1,78,"214021","4021","NaFor",21,"OHB",1.4
1,78,"215012","5012","NaPgr",21,"OHB",1.1
1,78,"235074","5074","JuNbu",23,"CLS",1.3
1,79,"211004","1004","GrFrb",21,"OHB",1.8
1,79,"245013","5013","ArVth",24,"OLS",4.4
1,79,"235013","5013","ArVth",23,"CLS",9.3
1,79,"233004","3004","JuSwg",23,"CLS",7.4
1,79,"113004","3004","JuSwg",11,"SIW",1.9
1,79,"142025","2025","JuWsi",14,"YMW",63.9
1,79,"152025","2025","JuWsi",15,"OMW",7.4
1,79,"214021","4021","NaFor",21,"OHB",1.6
1,79,"215012","5012","NaPgr",21,"OHB",1.1
1,79,"235074","5074","JuNbu",23,"CLS",1.2
1,80,"211004","1004","GrFrb",21,"OHB",2.2
1,80,"245013","5013","ArVth",24,"OLS",4.1
1,80,"235013","5013","ArVth",23,"CLS",8.6
1,80,"233004","3004","JuSwg",23,"CLS",7.7
1,80,"113004","3004","JuSwg",11,"SIW",2
1,80,"142025","2025","JuWsi",14,"YMW",64
1,80,"152025","2025","JuWsi",15,"OMW",7.4
1,80,"214021","4021","NaFor",21,"OHB",1.7
1,80,"215012","5012","NaPgr",21,"OHB",1.1
1,80,"235074","5074","JuNbu",23,"CLS",1.2
1,81,"211004","1004","GrFrb",21,"OHB",2.3
1,81,"245013","5013","ArVth",24,"OLS",3.9
1,81,"235013","5013","ArVth",23,"CLS",8.5
1,81,"233004","3004","JuSwg",23,"CLS",7.3
1,81,"113004","3004","JuSwg",11,"SIW",2.6
1,81,"142025","2025","JuWsi",14,"YMW",63.9
1,81,"152025","2025","JuWsi",15,"OMW",7.4
1,81,"214021","4021","NaFor",21,"OHB",1.8
1,81,"215012","5012","NaPgr",21,"OHB",1.1
1,81,"235074","5074","JuNbu",23,"CLS",1.2
1,82,"211004","1004","GrFrb",21,"OHB",2.4
1,82,"245013","5013","ArVth",24,"OLS",3.8
1,82,"235013","5013","ArVth",23,"CLS",8.3
1,82,"233004","3004","JuSwg",23,"CLS",7.3
1,82,"113004","3004","JuSwg",11,"SIW",2.8
1,82,"142025","2025","JuWsi",14,"YMW",64.1
1,82,"152025","2025","JuWsi",15,"OMW",7.4
1,82,"214021","4021","NaFor",21,"OHB",1.7
1,82,"215012","5012","NaPgr",21,"OHB",1
1,82,"235074","5074","JuNbu",23,"CLS",1.2
1,83,"211004","1004","GrFrb",21,"OHB",2.4
1,83,"245013","5013","ArVth",24,"OLS",3.7
1,83,"235013","5013","ArVth",23,"CLS",8.1
1,83,"233004","3004","JuSwg",23,"CLS",7.4
1,83,"113004","3004","JuSwg",11,"SIW",3
1,83,"142025","2025","JuWsi",14,"YMW",64.1
1,83,"152025","2025","JuWsi",15,"OMW",7.4
1,83,"214021","4021","NaFor",21,"OHB",1.5
1,83,"215012","5012","NaPgr",21,"OHB",1.1
1,83,"235074","5074","JuNbu",23,"CLS",1.3
1,84,"211004","1004","GrFrb",21,"OHB",2.2
1,84,"245013","5013","ArVth",24,"OLS",3.6
1,84,"235013","5013","ArVth",23,"CLS",8.2
1,84,"233004","3004","JuSwg",23,"CLS",6.7
1,84,"113004","3004","JuSwg",11,"SIW",3.9
1,84,"142025","2025","JuWsi",14,"YMW",64.1
1,84,"152025","2025","JuWsi",15,"OMW",7.4
1,84,"214021","4021","NaFor",21,"OHB",1.2
1,84,"215012","5012","NaPgr",21,"OHB",1.3
1,84,"235074","5074","JuNbu",23,"CLS",1.4
1,85,"211004","1004","GrFrb",21,"OHB",2.2
1,85,"245013","5013","ArVth",24,"OLS",3.6
1,85,"235013","5013","ArVth",23,"CLS",7.9
1,85,"233004","3004","JuSwg",23,"CLS",6.6
1,85,"113004","3004","JuSwg",11,"SIW",4.3
1,85,"142025","2025","JuWsi",14,"YMW",63.8
1,85,"152025","2025","JuWsi",15,"OMW",7.5
1,85,"214021","4021","NaFor",21,"OHB",1.2
1,85,"215012","5012","NaPgr",21,"OHB",1.4
1,85,"235074","5074","JuNbu",23,"CLS",1.5
1,86,"211004","1004","GrFrb",21,"OHB",2.2
1,86,"245013","5013","ArVth",24,"OLS",3.5
1,86,"235013","5013","ArVth",23,"CLS",7.5
1,86,"233004","3004","JuSwg",23,"CLS",6.4
1,86,"113004","3004","JuSwg",11,"SIW",5
1,86,"142025","2025","JuWsi",14,"YMW",63.8
1,86,"152025","2025","JuWsi",15,"OMW",7.5
1,86,"214021","4021","NaFor",21,"OHB",1
1,86,"215012","5012","NaPgr",21,"OHB",1.5
1,86,"235074","5074","JuNbu",23,"CLS",1.6
1,87,"211004","1004","GrFrb",21,"OHB",2.1
1,87,"245013","5013","ArVth",24,"OLS",3.3
1,87,"235013","5013","ArVth",23,"CLS",7.6
1,87,"233004","3004","JuSwg",23,"CLS",6
1,87,"113004","3004","JuSwg",11,"SIW",5.6
1,87,"142025","2025","JuWsi",14,"YMW",63.6
1,87,"152025","2025","JuWsi",15,"OMW",7.5
1,87,"214021","4021","NaFor",21,"OHB",1.2
1,87,"215012","5012","NaPgr",21,"OHB",1.5
1,87,"235074","5074","JuNbu",23,"CLS",1.6
1,88,"211004","1004","GrFrb",21,"OHB",2.2
1,88,"245013","5013","ArVth",24,"OLS",3.4
1,88,"235013","5013","ArVth",23,"CLS",7.4
1,88,"233004","3004","JuSwg",23,"CLS",5.7
1,88,"113004","3004","JuSwg",11,"SIW",5.9
1,88,"142025","2025","JuWsi",14,"YMW",63.5
1,88,"152025","2025","JuWsi",15,"OMW",7.5
1,88,"214021","4021","NaFor",21,"OHB",1.3
1,88,"215012","5012","NaPgr",21,"OHB",1.4
1,88,"235074","5074","JuNbu",23,"CLS",1.7
1,89,"211004","1004","GrFrb",21,"OHB",2
1,89,"245013","5013","ArVth",24,"OLS",3.2
1,89,"235013","5013","ArVth",23,"CLS",7.7
1,89,"233004","3004","JuSwg",23,"CLS",5.8
1,89,"113004","3004","JuSwg",11,"SIW",5.9
1,89,"142025","2025","JuWsi",14,"YMW",63.2
1,89,"152025","2025","JuWsi",15,"OMW",7.6
1,89,"214021","4021","NaFor",21,"OHB",1.2
1,89,"215012","5012","NaPgr",21,"OHB",1.6
1,89,"235074","5074","JuNbu",23,"CLS",1.8
1,90,"211004","1004","GrFrb",21,"OHB",1.6
1,90,"245013","5013","ArVth",24,"OLS",3.4
1,90,"235013","5013","ArVth",23,"CLS",7.7
1,90,"233004","3004","JuSwg",23,"CLS",5.8
1,90,"113004","3004","JuSwg",11,"SIW",6.1
1,90,"142025","2025","JuWsi",14,"YMW",63.1
1,90,"152025","2025","JuWsi",15,"OMW",7.6
1,90,"214021","4021","NaFor",21,"OHB",1.2
1,90,"215012","5012","NaPgr",21,"OHB",1.7
1,90,"235074","5074","JuNbu",23,"CLS",1.8
1,91,"211004","1004","GrFrb",21,"OHB",1.3
1,91,"245013","5013","ArVth",24,"OLS",3.6
1,91,"235013","5013","ArVth",23,"CLS",7.7
1,91,"233004","3004","JuSwg",23,"CLS",5.5
1,91,"113004","3004","JuSwg",11,"SIW",6.5
1,91,"142025","2025","JuWsi",14,"YMW",63
1,91,"152025","2025","JuWsi",15,"OMW",7.7
1,91,"214021","4021","NaFor",21,"OHB",1
1,91,"215012","5012","NaPgr",21,"OHB",1.8
1,91,"235074","5074","JuNbu",23,"CLS",1.9
1,92,"211004","1004","GrFrb",21,"OHB",1.3
1,92,"245013","5013","ArVth",24,"OLS",3.2
1,92,"235013","5013","ArVth",23,"CLS",7.9
1,92,"233004","3004","JuSwg",23,"CLS",5.5
1,92,"113004","3004","JuSwg",11,"SIW",6.7
1,92,"142025","2025","JuWsi",14,"YMW",62.8
1,92,"152025","2025","JuWsi",15,"OMW",7.7
1,92,"214021","4021","NaFor",21,"OHB",1.2
1,92,"215012","5012","NaPgr",21,"OHB",1.8
1,92,"235074","5074","JuNbu",23,"CLS",1.9
1,93,"211004","1004","GrFrb",21,"OHB",1.1
1,93,"245013","5013","ArVth",24,"OLS",3.3
1,93,"235013","5013","ArVth",23,"CLS",8
1,93,"233004","3004","JuSwg",23,"CLS",5.4
1,93,"113004","3004","JuSwg",11,"SIW",6.8
1,93,"142025","2025","JuWsi",14,"YMW",62.8
1,93,"152025","2025","JuWsi",15,"OMW",7.7
1,93,"214021","4021","NaFor",21,"OHB",1.4
1,93,"215012","5012","NaPgr",21,"OHB",1.6
1,93,"235074","5074","JuNbu",23,"CLS",1.9
1,94,"211004","1004","GrFrb",21,"OHB",1.2
1,94,"245013","5013","ArVth",24,"OLS",2.9
1,94,"235013","5013","ArVth",23,"CLS",8.1
1,94,"233004","3004","JuSwg",23,"CLS",5.6
1,94,"113004","3004","JuSwg",11,"SIW",6.8
1,94,"142025","2025","JuWsi",14,"YMW",62.5
1,94,"152025","2025","JuWsi",15,"OMW",7.7
1,94,"214021","4021","NaFor",21,"OHB",1.7
1,94,"215012","5012","NaPgr",21,"OHB",1.3
1,94,"235074","5074","JuNbu",23,"CLS",2.2
1,95,"211004","1004","GrFrb",21,"OHB",1.2
1,95,"245013","5013","ArVth",24,"OLS",2.9
1,95,"235013","5013","ArVth",23,"CLS",7.6
1,95,"233004","3004","JuSwg",23,"CLS",5.9
1,95,"113004","3004","JuSwg",11,"SIW",7
1,95,"142025","2025","JuWsi",14,"YMW",62.3
1,95,"152025","2025","JuWsi",15,"OMW",7.8
1,95,"214021","4021","NaFor",21,"OHB",1.7
1,95,"215012","5012","NaPgr",21,"OHB",1.3
1,95,"235074","5074","JuNbu",23,"CLS",2.3
1,96,"211004","1004","GrFrb",21,"OHB",1.2
1,96,"245013","5013","ArVth",24,"OLS",2.7
1,96,"235013","5013","ArVth",23,"CLS",7.7
1,96,"233004","3004","JuSwg",23,"CLS",5.6
1,96,"113004","3004","JuSwg",11,"SIW",7.4
1,96,"142025","2025","JuWsi",14,"YMW",62.1
1,96,"152025","2025","JuWsi",15,"OMW",7.9
1,96,"214021","4021","NaFor",21,"OHB",1.7
1,96,"215012","5012","NaPgr",21,"OHB",1.1
1,96,"235074","5074","JuNbu",23,"CLS",2.6
1,97,"211004","1004","GrFrb",21,"OHB",1.2
1,97,"245013","5013","ArVth",24,"OLS",2.6
1,97,"235013","5013","ArVth",23,"CLS",7.6
1,97,"233004","3004","JuSwg",23,"CLS",5.6
1,97,"113004","3004","JuSwg",11,"SIW",7.6
1,97,"142025","2025","JuWsi",14,"YMW",62.1
1,97,"152025","2025","JuWsi",15,"OMW",7.9
1,97,"214021","4021","NaFor",21,"OHB",1.5
1,97,"215012","5012","NaPgr",21,"OHB",1.3
1,97,"235074","5074","JuNbu",23,"CLS",2.6
1,98,"211004","1004","GrFrb",21,"OHB",1.1
1,98,"245013","5013","ArVth",24,"OLS",2.8
1,98,"235013","5013","ArVth",23,"CLS",7.4
1,98,"233004","3004","JuSwg",23,"CLS",5.2
1,98,"113004","3004","JuSwg",11,"SIW",8.1
1,98,"142025","2025","JuWsi",14,"YMW",62.1
1,98,"152025","2025","JuWsi",15,"OMW",7.9
1,98,"214021","4021","NaFor",21,"OHB",1.4
1,98,"215012","5012","NaPgr",21,"OHB",1.4
1,98,"235074","5074","JuNbu",23,"CLS",2.6
1,99,"211004","1004","GrFrb",21,"OHB",1.2
1,99,"245013","5013","ArVth",24,"OLS",2.6
1,99,"235013","5013","ArVth",23,"CLS",7
1,99,"233004","3004","JuSwg",23,"CLS",5.8
1,99,"113004","3004","JuSwg",11,"SIW",8
1,99,"142025","2025","JuWsi",14,"YMW",62.3
1,99,"152025","2025","JuWsi",15,"OMW",7.9
1,99,"214021","4021","NaFor",21,"OHB",1.2
1,99,"215012","5012","NaPgr",21,"OHB",1.3
1,99,"235074","5074","JuNbu",23,"CLS",2.7
1,100,"211004","1004","GrFrb",21,"OHB",1.2
1,100,"245013","5013","ArVth",24,"OLS",2.6
1,100,"235013","5013","ArVth",23,"CLS",7
1,100,"233004","3004","JuSwg",23,"CLS",5.1
1,100,"113004","3004","JuSwg",11,"SIW",8.7
1,100,"142025","2025","JuWsi",14,"YMW",62.3
1,100,"152025","2025","JuWsi",15,"OMW",7.9
1,100,"214021","4021","NaFor",21,"OHB",1.1
1,100,"215012","5012","NaPgr",21,"OHB",1.3
1,100,"235074","5074","JuNbu",23,"CLS",2.8
